device_record_time,Device Serial Number,device_type,country_of_residence,software_version,product_mode,metric_level,reason_code,Amazon Marketplace
2025-05-20T11:51:04Z,G8S1LG134041039L,Ereader,United States,4434540025_release_5.18.2,DEFAULT,deviceAction,Not Available,Amazon.com
2025-05-20T11:50:23Z,G8S1LG134041039L,Ereader,United States,4434540025_release_5.18.2,DEFAULT,deviceAction,Not Available,Amazon.com
2024-07-21T09:53:33Z,G8S1LG134041039L,Ereader,United States,4246250033,Not Available,deviceAction,Not Available,Amazon.com
2024-07-21T09:53:17Z,G8S1LG134041039L,Ereader,United States,4246250033,Not Available,deviceAction,Not Available,Amazon.com
2024-07-20T16:54:20Z,G8S1LG134041039L,Ereader,United States,4246250033,Not Available,deviceAction,Not Available,Amazon.com
2024-07-20T16:43:57Z,G8S1LG134041039L,Ereader,United States,4246250033,Not Available,deviceAction,Not Available,Amazon.com
2024-07-20T16:26:44Z,G8S1LG134041039L,Ereader,United States,4246250033,Not Available,deviceAction,Not Available,Amazon.com
2024-07-20T16:26:41Z,G8S1LG134041039L,Ereader,United States,4246250033,Not Available,deviceAction,Not Available,Amazon.com
2024-07-20T15:47:07Z,G8S1LG134041039L,Ereader,United States,4246250033,Not Available,deviceAction,Not Available,Amazon.com
2024-07-20T09:53:38Z,G8S1LG134041039L,Ereader,United States,4246250033,Not Available,deviceAction,Not Available,Amazon.com
2024-07-20T09:53:20Z,G8S1LG134041039L,Ereader,United States,4246250033,Not Available,deviceAction,Not Available,Amazon.com
2024-07-19T09:53:23Z,G8S1LG134041039L,Ereader,United States,4246250033,Not Available,deviceAction,Not Available,Amazon.com
2024-07-19T09:53:15Z,G8S1LG134041039L,Ereader,United States,4246250033,Not Available,deviceAction,Not Available,Amazon.com
2024-07-18T18:28:35Z,G8S1LG134041039L,Ereader,United States,4246250033,Not Available,deviceAction,Not Available,Amazon.com
2024-07-18T18:16:38Z,G8S1LG134041039L,Ereader,United States,4246250033,Not Available,deviceAction,Not Available,Amazon.com
2024-07-18T18:15:16Z,G8S1LG134041039L,Ereader,United States,4246250033,Not Available,deviceAction,Not Available,Amazon.com
2024-07-18T18:13:12Z,G8S1LG134041039L,Ereader,United States,4246250033,Not Available,deviceAction,Not Available,Amazon.com
2024-07-18T18:08:24Z,G8S1LG134041039L,Ereader,United States,4246250033,Not Available,deviceAction,Not Available,Amazon.com
2024-07-18T18:03:53Z,G8S1LG134041039L,Ereader,United States,4246250033,Not Available,deviceAction,Not Available,Amazon.com
2024-07-18T18:02:03Z,G8S1LG134041039L,Ereader,United States,4246250033,Not Available,deviceAction,Not Available,Amazon.com
2024-07-18T09:53:30Z,G8S1LG134041039L,Ereader,United States,4246250033,Not Available,deviceAction,Not Available,Amazon.com
2024-07-18T09:53:22Z,G8S1LG134041039L,Ereader,United States,4246250033,Not Available,deviceAction,Not Available,Amazon.com
2024-07-17T15:48:38Z,G8S1LG134041039L,Ereader,United States,4246250033,Not Available,deviceAction,Not Available,Amazon.com
2024-07-17T15:48:37Z,G8S1LG134041039L,Ereader,United States,4246250033,Not Available,deviceAction,Not Available,Amazon.com
2024-07-17T15:47:26Z,G8S1LG134041039L,Ereader,United States,4246250033,Not Available,deviceAction,Not Available,Amazon.com
2024-05-20T08:32:19Z,G8S1LG134041039L,Ereader,United States,4212850015,Not Available,deviceAction,Not Available,Amazon.com
2024-05-20T08:32:17Z,G8S1LG134041039L,Ereader,United States,4212850015,Not Available,deviceAction,Not Available,Amazon.com
2024-05-19T08:32:17Z,G8S1LG134041039L,Ereader,United States,4212850015,Not Available,deviceAction,Not Available,Amazon.com
2024-05-19T08:32:15Z,G8S1LG134041039L,Ereader,United States,4212850015,Not Available,deviceAction,Not Available,Amazon.com
2024-05-18T08:37:04Z,G8S1LG134041039L,Ereader,United States,4212850015,Not Available,deviceAction,Not Available,Amazon.com
2024-05-18T08:32:15Z,G8S1LG134041039L,Ereader,United States,4212850015,Not Available,deviceAction,Not Available,Amazon.com
2024-05-18T08:32:13Z,G8S1LG134041039L,Ereader,United States,4212850015,Not Available,deviceAction,Not Available,Amazon.com
2024-05-17T08:32:18Z,G8S1LG134041039L,Ereader,United States,4212850015,Not Available,deviceAction,Not Available,Amazon.com
2024-05-17T08:32:17Z,G8S1LG134041039L,Ereader,United States,4212850015,Not Available,deviceAction,Not Available,Amazon.com
2024-05-16T08:37:43Z,G8S1LG134041039L,Ereader,United States,4212850015,Not Available,deviceAction,Not Available,Amazon.com
2024-05-16T08:32:15Z,G8S1LG134041039L,Ereader,United States,4212850015,Not Available,deviceAction,Not Available,Amazon.com
2024-05-16T08:32:14Z,G8S1LG134041039L,Ereader,United States,4212850015,Not Available,deviceAction,Not Available,Amazon.com
2024-05-15T08:37:09Z,G8S1LG134041039L,Ereader,United States,4212850015,Not Available,deviceAction,Not Available,Amazon.com
2024-05-15T08:32:28Z,G8S1LG134041039L,Ereader,United States,4212850015,Not Available,deviceAction,Not Available,Amazon.com
2024-05-15T08:32:16Z,G8S1LG134041039L,Ereader,United States,4212850015,Not Available,deviceAction,Not Available,Amazon.com
2024-05-14T08:32:16Z,G8S1LG134041039L,Ereader,United States,4212850015,Not Available,deviceAction,Not Available,Amazon.com
2024-05-14T08:32:14Z,G8S1LG134041039L,Ereader,United States,4212850015,Not Available,deviceAction,Not Available,Amazon.com
2024-05-13T08:32:27Z,G8S1LG134041039L,Ereader,United States,4212850015,Not Available,deviceAction,Not Available,Amazon.com
2024-05-13T08:32:16Z,G8S1LG134041039L,Ereader,United States,4212850015,Not Available,deviceAction,Not Available,Amazon.com
2024-05-12T08:32:17Z,G8S1LG134041039L,Ereader,United States,4212850015,Not Available,deviceAction,Not Available,Amazon.com
2024-05-12T08:32:15Z,G8S1LG134041039L,Ereader,United States,4212850015,Not Available,deviceAction,Not Available,Amazon.com
2024-05-11T08:37:12Z,G8S1LG134041039L,Ereader,United States,4212850015,Not Available,deviceAction,Not Available,Amazon.com
2024-05-11T08:32:25Z,G8S1LG134041039L,Ereader,United States,4212850015,Not Available,deviceAction,Not Available,Amazon.com
2024-05-11T08:32:14Z,G8S1LG134041039L,Ereader,United States,4212850015,Not Available,deviceAction,Not Available,Amazon.com
2024-05-10T08:37:13Z,G8S1LG134041039L,Ereader,United States,4212850015,Not Available,deviceAction,Not Available,Amazon.com
2024-05-10T08:32:27Z,G8S1LG134041039L,Ereader,United States,4212850015,Not Available,deviceAction,Not Available,Amazon.com
2024-05-10T08:32:16Z,G8S1LG134041039L,Ereader,United States,4212850015,Not Available,deviceAction,Not Available,Amazon.com
2024-05-09T08:32:27Z,G8S1LG134041039L,Ereader,United States,4212850015,Not Available,deviceAction,Not Available,Amazon.com
2024-05-09T08:32:16Z,G8S1LG134041039L,Ereader,United States,4212850015,Not Available,deviceAction,Not Available,Amazon.com
2024-05-08T08:32:19Z,G8S1LG134041039L,Ereader,United States,4212850015,Not Available,deviceAction,Not Available,Amazon.com
2024-05-08T08:32:18Z,G8S1LG134041039L,Ereader,United States,4212850015,Not Available,deviceAction,Not Available,Amazon.com
2024-05-07T08:32:16Z,G8S1LG134041039L,Ereader,United States,4212850015,Not Available,deviceAction,Not Available,Amazon.com
2024-05-07T08:32:15Z,G8S1LG134041039L,Ereader,United States,4212850015,Not Available,deviceAction,Not Available,Amazon.com
2024-05-07T08:32:14Z,G8S1LG134041039L,Ereader,United States,4212850015,Not Available,deviceAction,Not Available,Amazon.com
2024-05-06T08:37:22Z,G8S1LG134041039L,Ereader,United States,4212850015,Not Available,deviceAction,Not Available,Amazon.com
2024-05-06T08:32:18Z,G8S1LG134041039L,Ereader,United States,4212850015,Not Available,deviceAction,Not Available,Amazon.com
2024-05-06T08:32:16Z,G8S1LG134041039L,Ereader,United States,4212850015,Not Available,deviceAction,Not Available,Amazon.com
2024-05-05T08:32:14Z,G8S1LG134041039L,Ereader,United States,4212850015,Not Available,deviceAction,Not Available,Amazon.com
2024-05-05T08:32:12Z,G8S1LG134041039L,Ereader,United States,4212850015,Not Available,deviceAction,Not Available,Amazon.com
2024-05-04T08:37:22Z,G8S1LG134041039L,Ereader,United States,4212850015,Not Available,deviceAction,Not Available,Amazon.com
2024-05-04T08:32:18Z,G8S1LG134041039L,Ereader,United States,4212850015,Not Available,deviceAction,Not Available,Amazon.com
2024-05-04T08:32:16Z,G8S1LG134041039L,Ereader,United States,4212850015,Not Available,deviceAction,Not Available,Amazon.com
2024-05-03T08:32:17Z,G8S1LG134041039L,Ereader,United States,4212850015,Not Available,deviceAction,Not Available,Amazon.com
2024-05-03T08:32:15Z,G8S1LG134041039L,Ereader,United States,4212850015,Not Available,deviceAction,Not Available,Amazon.com
2024-05-02T08:37:27Z,G8S1LG134041039L,Ereader,United States,4212850015,Not Available,deviceAction,Not Available,Amazon.com
2024-05-02T08:32:18Z,G8S1LG134041039L,Ereader,United States,4212850015,Not Available,deviceAction,Not Available,Amazon.com
2024-05-02T08:32:16Z,G8S1LG134041039L,Ereader,United States,4212850015,Not Available,deviceAction,Not Available,Amazon.com
2024-05-01T08:32:19Z,G8S1LG134041039L,Ereader,United States,4212850015,Not Available,deviceAction,Not Available,Amazon.com
2024-05-01T08:32:17Z,G8S1LG134041039L,Ereader,United States,4212850015,Not Available,deviceAction,Not Available,Amazon.com
2024-04-30T08:32:24Z,G8S1LG134041039L,Ereader,United States,4212850015,Not Available,deviceAction,Not Available,Amazon.com
2024-04-30T08:32:13Z,G8S1LG134041039L,Ereader,United States,4212850015,Not Available,deviceAction,Not Available,Amazon.com
2024-04-29T08:37:30Z,G8S1LG134041039L,Ereader,United States,4212850015,Not Available,deviceAction,Not Available,Amazon.com
2024-04-29T08:32:28Z,G8S1LG134041039L,Ereader,United States,4212850015,Not Available,deviceAction,Not Available,Amazon.com
2024-04-29T08:32:17Z,G8S1LG134041039L,Ereader,United States,4212850015,Not Available,deviceAction,Not Available,Amazon.com
2024-04-28T08:32:27Z,G8S1LG134041039L,Ereader,United States,4212850015,Not Available,deviceAction,Not Available,Amazon.com
2024-04-28T08:32:16Z,G8S1LG134041039L,Ereader,United States,4212850015,Not Available,deviceAction,Not Available,Amazon.com
2024-04-28T00:22:01Z,G8S1LG134041039L,Ereader,United States,4212850015,Not Available,deviceAction,Not Available,Amazon.com
2024-04-28T00:21:59Z,G8S1LG134041039L,Ereader,United States,4212850015,Not Available,deviceAction,Not Available,Amazon.com
2024-04-27T08:38:30Z,G8S1LG134041039L,Ereader,United States,4212850015,Not Available,deviceAction,Not Available,Amazon.com
2024-04-27T08:37:49Z,G8S1LG134041039L,Ereader,United States,4212850015,Not Available,deviceAction,Not Available,Amazon.com
2024-04-27T08:32:17Z,G8S1LG134041039L,Ereader,United States,4212850015,Not Available,deviceAction,Not Available,Amazon.com
2024-04-27T08:32:16Z,G8S1LG134041039L,Ereader,United States,4212850015,Not Available,deviceAction,Not Available,Amazon.com
2024-04-25T08:32:25Z,G8S1LG134041039L,Ereader,United States,4193160020,Not Available,deviceAction,Not Available,Amazon.com
2024-04-25T08:32:15Z,G8S1LG134041039L,Ereader,United States,4193160020,Not Available,deviceAction,Not Available,Amazon.com
2024-04-24T08:32:26Z,G8S1LG134041039L,Ereader,United States,4193160020,Not Available,deviceAction,Not Available,Amazon.com
2024-04-24T08:32:15Z,G8S1LG134041039L,Ereader,United States,4193160020,Not Available,deviceAction,Not Available,Amazon.com
2024-04-24T03:14:16Z,G8S1LG134041039L,Ereader,United States,4193160020,Not Available,deviceAction,Not Available,Amazon.com
2024-04-24T03:12:07Z,G8S1LG134041039L,Ereader,United States,4193160020,Not Available,deviceAction,Not Available,Amazon.com
2024-04-24T03:12:04Z,G8S1LG134041039L,Ereader,United States,4193160020,Not Available,deviceAction,Not Available,Amazon.com
2024-04-24T02:04:04Z,G8S1LG134041039L,Ereader,United States,4193160020,Not Available,deviceAction,Not Available,Amazon.com
2024-04-24T02:04:02Z,G8S1LG134041039L,Ereader,United States,4193160020,Not Available,deviceAction,Not Available,Amazon.com
2024-04-23T08:32:27Z,G8S1LG134041039L,Ereader,United States,4193160020,Not Available,deviceAction,Not Available,Amazon.com
2024-04-23T05:00:02Z,G8S1LG134041039L,Ereader,United States,4193160020,Not Available,deviceAction,Not Available,Amazon.com
2024-04-23T05:00:01Z,G8S1LG134041039L,Ereader,United States,4193160020,Not Available,deviceAction,Not Available,Amazon.com
2024-04-23T04:57:21Z,G8S1LG134041039L,Ereader,United States,4193160020,Not Available,deviceAction,Not Available,Amazon.com
2024-04-23T03:42:34Z,G8S1LG134041039L,Ereader,United States,4193160020,Not Available,deviceAction,Not Available,Amazon.com
2024-04-23T03:42:32Z,G8S1LG134041039L,Ereader,United States,4193160020,Not Available,deviceAction,Not Available,Amazon.com
2024-04-22T08:32:23Z,G8S1LG134041039L,Ereader,United States,4193160020,Not Available,deviceAction,Not Available,Amazon.com
2024-04-22T08:32:12Z,G8S1LG134041039L,Ereader,United States,4193160020,Not Available,deviceAction,Not Available,Amazon.com
2024-04-22T04:13:47Z,G8S1LG134041039L,Ereader,United States,4193160020,Not Available,deviceAction,Not Available,Amazon.com
2024-04-22T04:13:45Z,G8S1LG134041039L,Ereader,United States,4193160020,Not Available,deviceAction,Not Available,Amazon.com
2024-04-22T03:54:01Z,G8S1LG134041039L,Ereader,United States,4193160020,Not Available,deviceAction,Not Available,Amazon.com
2024-04-22T03:53:39Z,G8S1LG134041039L,Ereader,United States,4193160020,Not Available,deviceAction,Not Available,Amazon.com
2024-04-22T03:11:40Z,G8S1LG134041039L,Ereader,United States,4193160020,Not Available,deviceAction,Not Available,Amazon.com
2024-04-22T03:11:38Z,G8S1LG134041039L,Ereader,United States,4193160020,Not Available,deviceAction,Not Available,Amazon.com
2024-04-22T02:54:20Z,G8S1LG134041039L,Ereader,United States,4193160020,Not Available,deviceAction,Not Available,Amazon.com
2024-04-22T02:54:18Z,G8S1LG134041039L,Ereader,United States,4193160020,Not Available,deviceAction,Not Available,Amazon.com
2024-04-22T02:05:46Z,G8S1LG134041039L,Ereader,United States,4193160020,Not Available,deviceAction,Not Available,Amazon.com
2024-04-22T02:02:08Z,G8S1LG134041039L,Ereader,United States,4193160020,Not Available,deviceAction,Not Available,Amazon.com
2024-04-22T00:43:24Z,G8S1LG134041039L,Ereader,United States,4193160020,Not Available,deviceAction,Not Available,Amazon.com
2024-04-22T00:26:46Z,G8S1LG134041039L,Ereader,United States,4193160020,Not Available,deviceAction,Not Available,Amazon.com
2024-04-22T00:26:22Z,G8S1LG134041039L,Ereader,United States,4193160020,Not Available,deviceAction,Not Available,Amazon.com
2024-04-21T23:56:14Z,G8S1LG134041039L,Ereader,United States,4193160020,Not Available,deviceAction,Not Available,Amazon.com
2024-04-21T23:43:06Z,G8S1LG134041039L,Ereader,United States,4193160020,Not Available,deviceAction,Not Available,Amazon.com
2024-04-21T23:43:04Z,G8S1LG134041039L,Ereader,United States,4193160020,Not Available,deviceAction,Not Available,Amazon.com
2024-04-21T23:30:21Z,G8S1LG134041039L,Ereader,United States,4193160020,Not Available,deviceAction,Not Available,Amazon.com
2024-04-21T23:04:12Z,G8S1LG134041039L,Ereader,United States,4193160020,Not Available,deviceAction,Not Available,Amazon.com
2024-04-21T23:04:11Z,G8S1LG134041039L,Ereader,United States,4193160020,Not Available,deviceAction,Not Available,Amazon.com
2024-04-21T21:06:41Z,G8S1LG134041039L,Ereader,United States,4193160020,Not Available,deviceAction,Not Available,Amazon.com
2024-04-21T20:53:59Z,G8S1LG134041039L,Ereader,United States,4193160020,Not Available,deviceAction,Not Available,Amazon.com
2024-04-21T20:53:41Z,G8S1LG134041039L,Ereader,United States,4193160020,Not Available,deviceAction,Not Available,Amazon.com
2024-04-21T08:32:22Z,G8S1LG134041039L,Ereader,United States,4193160020,Not Available,deviceAction,Not Available,Amazon.com
2024-04-21T08:32:21Z,G8S1LG134041039L,Ereader,United States,4193160020,Not Available,deviceAction,Not Available,Amazon.com
2024-04-21T08:32:11Z,G8S1LG134041039L,Ereader,United States,4193160020,Not Available,deviceAction,Not Available,Amazon.com
2024-04-20T22:18:35Z,G8S1LG134041039L,Ereader,United States,4193160020,Not Available,deviceAction,Not Available,Amazon.com
2024-04-20T22:17:31Z,G8S1LG134041039L,Ereader,United States,4193160020,Not Available,deviceAction,Not Available,Amazon.com
2024-04-20T22:04:19Z,G8S1LG134041039L,Ereader,United States,4193160020,Not Available,deviceAction,Not Available,Amazon.com
2024-04-20T22:04:06Z,G8S1LG134041039L,Ereader,United States,4193160020,Not Available,deviceAction,Not Available,Amazon.com
2024-04-20T21:55:33Z,G8S1LG134041039L,Ereader,United States,4193160020,Not Available,deviceAction,Not Available,Amazon.com
2024-04-20T21:55:31Z,G8S1LG134041039L,Ereader,United States,4193160020,Not Available,deviceAction,Not Available,Amazon.com
2024-04-20T21:21:09Z,G8S1LG134041039L,Ereader,United States,4193160020,Not Available,deviceAction,Not Available,Amazon.com
2024-04-20T21:21:06Z,G8S1LG134041039L,Ereader,United States,4193160020,Not Available,deviceAction,Not Available,Amazon.com
2024-04-20T21:12:39Z,G8S1LG134041039L,Ereader,United States,4193160020,Not Available,deviceAction,Not Available,Amazon.com
2024-04-20T18:05:51Z,G8S1LG134041039L,Ereader,United States,4193160020,Not Available,deviceAction,Not Available,Amazon.com
2024-04-20T18:05:46Z,G8S1LG134041039L,Ereader,United States,4193160020,Not Available,deviceAction,Not Available,Amazon.com
2024-04-20T17:55:41Z,G8S1LG134041039L,Ereader,United States,4193160020,Not Available,deviceAction,Not Available,Amazon.com
2024-04-20T16:10:48Z,G8S1LG134041039L,Ereader,United States,4193160020,Not Available,deviceAction,Not Available,Amazon.com
2024-04-20T15:40:12Z,G8S1LG134041039L,Ereader,United States,4193160020,Not Available,deviceAction,Not Available,Amazon.com
2024-04-20T15:40:11Z,G8S1LG134041039L,Ereader,United States,4193160020,Not Available,deviceAction,Not Available,Amazon.com
2024-04-20T15:34:33Z,G8S1LG134041039L,Ereader,United States,4193160020,Not Available,deviceAction,Not Available,Amazon.com
2024-04-20T15:34:32Z,G8S1LG134041039L,Ereader,United States,4193160020,Not Available,deviceAction,Not Available,Amazon.com
2024-04-20T15:28:40Z,G8S1LG134041039L,Ereader,United States,4193160020,Not Available,deviceAction,Not Available,Amazon.com
2024-04-20T15:14:01Z,G8S1LG134041039L,Ereader,United States,4193160020,Not Available,deviceAction,Not Available,Amazon.com
2024-04-20T15:13:52Z,G8S1LG134041039L,Ereader,United States,4193160020,Not Available,deviceAction,Not Available,Amazon.com
2024-04-20T15:08:18Z,G8S1LG134041039L,Ereader,United States,4193160020,Not Available,deviceAction,Not Available,Amazon.com
2024-04-20T08:32:25Z,G8S1LG134041039L,Ereader,United States,4193160020,Not Available,deviceAction,Not Available,Amazon.com
2024-04-20T08:32:14Z,G8S1LG134041039L,Ereader,United States,4193160020,Not Available,deviceAction,Not Available,Amazon.com
2024-04-20T02:30:20Z,G8S1LG134041039L,Ereader,United States,4193160020,Not Available,deviceAction,Not Available,Amazon.com
2024-04-20T02:30:17Z,G8S1LG134041039L,Ereader,United States,4193160020,Not Available,deviceAction,Not Available,Amazon.com
2024-04-20T01:35:43Z,G8S1LG134041039L,Ereader,United States,4193160020,Not Available,deviceAction,Not Available,Amazon.com
2024-04-20T01:35:42Z,G8S1LG134041039L,Ereader,United States,4193160020,Not Available,deviceAction,Not Available,Amazon.com
2024-04-19T08:32:25Z,G8S1LG134041039L,Ereader,United States,4193160020,Not Available,deviceAction,Not Available,Amazon.com
2024-04-19T08:32:16Z,G8S1LG134041039L,Ereader,United States,4193160020,Not Available,deviceAction,Not Available,Amazon.com
2024-04-18T08:32:25Z,G8S1LG134041039L,Ereader,United States,4193160020,Not Available,deviceAction,Not Available,Amazon.com
2024-04-18T08:32:15Z,G8S1LG134041039L,Ereader,United States,4193160020,Not Available,deviceAction,Not Available,Amazon.com
2024-04-17T08:32:26Z,G8S1LG134041039L,Ereader,United States,4193160020,Not Available,deviceAction,Not Available,Amazon.com
2024-04-17T08:32:15Z,G8S1LG134041039L,Ereader,United States,4193160020,Not Available,deviceAction,Not Available,Amazon.com
2024-04-17T01:29:43Z,G8S1LG134041039L,Ereader,United States,4193160020,Not Available,deviceAction,Not Available,Amazon.com
2024-04-17T01:07:49Z,G8S1LG134041039L,Ereader,United States,4193160020,Not Available,deviceAction,Not Available,Amazon.com
2024-04-17T01:06:52Z,G8S1LG134041039L,Ereader,United States,4193160020,Not Available,deviceAction,Not Available,Amazon.com
2024-04-17T00:59:40Z,G8S1LG134041039L,Ereader,United States,4193160020,Not Available,deviceAction,Not Available,Amazon.com
2024-04-17T00:59:34Z,G8S1LG134041039L,Ereader,United States,4193160020,Not Available,deviceAction,Not Available,Amazon.com
2024-04-16T08:32:24Z,G8S1LG134041039L,Ereader,United States,4193160020,Not Available,deviceAction,Not Available,Amazon.com
2024-04-16T08:32:14Z,G8S1LG134041039L,Ereader,United States,4193160020,Not Available,deviceAction,Not Available,Amazon.com
2024-04-16T02:13:09Z,G8S1LG134041039L,Ereader,United States,4193160020,Not Available,deviceAction,Not Available,Amazon.com
2024-04-16T02:10:55Z,G8S1LG134041039L,Ereader,United States,4193160020,Not Available,deviceAction,Not Available,Amazon.com
2024-04-16T02:07:08Z,G8S1LG134041039L,Ereader,United States,4193160020,Not Available,deviceAction,Not Available,Amazon.com
2024-04-16T02:07:07Z,G8S1LG134041039L,Ereader,United States,4193160020,Not Available,deviceAction,Not Available,Amazon.com
2024-04-16T01:31:35Z,G8S1LG134041039L,Ereader,United States,4193160020,Not Available,deviceAction,Not Available,Amazon.com
2024-04-16T01:30:31Z,G8S1LG134041039L,Ereader,United States,4193160020,Not Available,deviceAction,Not Available,Amazon.com
2024-04-16T01:09:43Z,G8S1LG134041039L,Ereader,United States,4193160020,Not Available,deviceAction,Not Available,Amazon.com
2024-04-15T23:48:02Z,G8S1LG134041039L,Ereader,United States,4193160020,Not Available,deviceAction,Not Available,Amazon.com
2024-04-15T23:48:01Z,G8S1LG134041039L,Ereader,United States,4193160020,Not Available,deviceAction,Not Available,Amazon.com
2024-04-15T20:07:28Z,G8S1LG134041039L,Ereader,United States,4193160020,Not Available,deviceAction,Not Available,Amazon.com
2024-04-15T08:32:24Z,G8S1LG134041039L,Ereader,United States,4193160020,Not Available,deviceAction,Not Available,Amazon.com
2024-04-15T08:32:13Z,G8S1LG134041039L,Ereader,United States,4193160020,Not Available,deviceAction,Not Available,Amazon.com
2024-04-15T00:54:51Z,G8S1LG134041039L,Ereader,United States,4193160020,Not Available,deviceAction,Not Available,Amazon.com
2024-04-15T00:54:25Z,G8S1LG134041039L,Ereader,United States,4193160020,Not Available,deviceAction,Not Available,Amazon.com
2024-04-15T00:54:20Z,G8S1LG134041039L,Ereader,United States,4193160020,Not Available,deviceAction,Not Available,Amazon.com
2024-04-15T00:45:49Z,G8S1LG134041039L,Ereader,United States,4193160020,Not Available,deviceAction,Not Available,Amazon.com
2024-04-14T08:32:24Z,G8S1LG134041039L,Ereader,United States,4193160020,Not Available,deviceAction,Not Available,Amazon.com
2024-04-14T08:32:13Z,G8S1LG134041039L,Ereader,United States,4193160020,Not Available,deviceAction,Not Available,Amazon.com
2024-04-14T02:51:21Z,G8S1LG134041039L,Ereader,United States,4193160020,Not Available,deviceAction,Not Available,Amazon.com
2024-04-13T16:19:07Z,G8S1LG134041039L,Ereader,United States,4193160020,Not Available,deviceAction,Not Available,Amazon.com
2024-04-13T16:12:29Z,G8S1LG134041039L,Ereader,United States,4193160020,Not Available,deviceAction,Not Available,Amazon.com
2024-04-13T13:15:03Z,G8S1LG134041039L,Ereader,United States,4193160020,Not Available,deviceAction,Not Available,Amazon.com
2024-04-13T13:15:01Z,G8S1LG134041039L,Ereader,United States,4193160020,Not Available,deviceAction,Not Available,Amazon.com
2024-04-13T08:32:30Z,G8S1LG134041039L,Ereader,United States,4193160020,Not Available,deviceAction,Not Available,Amazon.com
2024-04-13T08:32:16Z,G8S1LG134041039L,Ereader,United States,4193160020,Not Available,deviceAction,Not Available,Amazon.com
2024-04-12T08:32:26Z,G8S1LG134041039L,Ereader,United States,4193160020,Not Available,deviceAction,Not Available,Amazon.com
2024-04-12T08:32:15Z,G8S1LG134041039L,Ereader,United States,4193160020,Not Available,deviceAction,Not Available,Amazon.com
2024-04-11T08:32:26Z,G8S1LG134041039L,Ereader,United States,4193160020,Not Available,deviceAction,Not Available,Amazon.com
2024-04-11T08:32:14Z,G8S1LG134041039L,Ereader,United States,4193160020,Not Available,deviceAction,Not Available,Amazon.com
2024-04-11T02:44:10Z,G8S1LG134041039L,Ereader,United States,4193160020,Not Available,deviceAction,Not Available,Amazon.com
2024-04-11T02:43:04Z,G8S1LG134041039L,Ereader,United States,4193160020,Not Available,deviceAction,Not Available,Amazon.com
2024-04-11T02:13:17Z,G8S1LG134041039L,Ereader,United States,4193160020,Not Available,deviceAction,Not Available,Amazon.com
2024-04-11T02:13:16Z,G8S1LG134041039L,Ereader,United States,4193160020,Not Available,deviceAction,Not Available,Amazon.com
2024-04-11T00:53:43Z,G8S1LG134041039L,Ereader,United States,4193160020,Not Available,deviceAction,Not Available,Amazon.com
2024-04-11T00:53:42Z,G8S1LG134041039L,Ereader,United States,4193160020,Not Available,deviceAction,Not Available,Amazon.com
2024-04-10T08:32:28Z,G8S1LG134041039L,Ereader,United States,4193160020,Not Available,deviceAction,Not Available,Amazon.com
2024-04-10T08:32:27Z,G8S1LG134041039L,Ereader,United States,4193160020,Not Available,deviceAction,Not Available,Amazon.com
2024-04-10T08:32:16Z,G8S1LG134041039L,Ereader,United States,4193160020,Not Available,deviceAction,Not Available,Amazon.com
2024-04-10T01:42:38Z,G8S1LG134041039L,Ereader,United States,4193160020,Not Available,deviceAction,Not Available,Amazon.com
2024-04-10T01:42:34Z,G8S1LG134041039L,Ereader,United States,4193160020,Not Available,deviceAction,Not Available,Amazon.com
2024-04-09T08:32:21Z,G8S1LG134041039L,Ereader,United States,4193160020,Not Available,deviceAction,Not Available,Amazon.com
2024-04-09T05:00:01Z,G8S1LG134041039L,Ereader,United States,4193160020,Not Available,deviceAction,Not Available,Amazon.com
2024-04-09T02:17:14Z,G8S1LG134041039L,Ereader,United States,4193160020,Not Available,deviceAction,Not Available,Amazon.com
2024-04-09T02:16:42Z,G8S1LG134041039L,Ereader,United States,4193160020,Not Available,deviceAction,Not Available,Amazon.com
2024-04-09T01:15:13Z,G8S1LG134041039L,Ereader,United States,4193160020,Not Available,deviceAction,Not Available,Amazon.com
2024-04-09T01:14:58Z,G8S1LG134041039L,Ereader,United States,4193160020,Not Available,deviceAction,Not Available,Amazon.com
2024-04-09T00:49:32Z,G8S1LG134041039L,Ereader,United States,4193160020,Not Available,deviceAction,Not Available,Amazon.com
2024-04-09T00:49:31Z,G8S1LG134041039L,Ereader,United States,4193160020,Not Available,deviceAction,Not Available,Amazon.com
2024-04-09T00:05:03Z,G8S1LG134041039L,Ereader,United States,4193160020,Not Available,deviceAction,Not Available,Amazon.com
2024-04-08T23:55:10Z,G8S1LG134041039L,Ereader,United States,4193160020,Not Available,deviceAction,Not Available,Amazon.com
2024-04-08T23:54:15Z,G8S1LG134041039L,Ereader,United States,4193160020,Not Available,deviceAction,Not Available,Amazon.com
2024-04-08T23:52:49Z,G8S1LG134041039L,Ereader,United States,4193160020,Not Available,deviceAction,Not Available,Amazon.com
2024-04-08T23:40:22Z,G8S1LG134041039L,Ereader,United States,4193160020,Not Available,deviceAction,Not Available,Amazon.com
2024-04-08T23:39:24Z,G8S1LG134041039L,Ereader,United States,4193160020,Not Available,deviceAction,Not Available,Amazon.com
2024-04-08T22:50:17Z,G8S1LG134041039L,Ereader,United States,4193160020,Not Available,deviceAction,Not Available,Amazon.com
2024-04-08T22:47:14Z,G8S1LG134041039L,Ereader,United States,4193160020,Not Available,deviceAction,Not Available,Amazon.com
2024-04-08T22:46:36Z,G8S1LG134041039L,Ereader,United States,4193160020,Not Available,deviceAction,Not Available,Amazon.com
2024-04-08T22:38:00Z,G8S1LG134041039L,Ereader,United States,4193160020,Not Available,deviceAction,Not Available,Amazon.com
2024-04-08T22:37:59Z,G8S1LG134041039L,Ereader,United States,4193160020,Not Available,deviceAction,Not Available,Amazon.com
2024-04-08T19:52:18Z,G8S1LG134041039L,Ereader,United States,4193160020,Not Available,deviceAction,Not Available,Amazon.com
2024-04-08T19:51:24Z,G8S1LG134041039L,Ereader,United States,4193160020,Not Available,deviceAction,Not Available,Amazon.com
2024-04-08T19:25:22Z,G8S1LG134041039L,Ereader,United States,4193160020,Not Available,deviceAction,Not Available,Amazon.com
2024-04-08T19:25:07Z,G8S1LG134041039L,Ereader,United States,4193160020,Not Available,deviceAction,Not Available,Amazon.com
2024-04-08T18:03:50Z,G8S1LG134041039L,Ereader,United States,4193160020,Not Available,deviceAction,Not Available,Amazon.com
2024-04-08T18:03:09Z,G8S1LG134041039L,Ereader,United States,4193160020,Not Available,deviceAction,Not Available,Amazon.com
2024-04-08T17:40:31Z,G8S1LG134041039L,Ereader,United States,4193160020,Not Available,deviceAction,Not Available,Amazon.com
2024-04-08T16:53:06Z,G8S1LG134041039L,Ereader,United States,4193160020,Not Available,deviceAction,Not Available,Amazon.com
2024-04-08T16:51:24Z,G8S1LG134041039L,Ereader,United States,4193160020,Not Available,deviceAction,Not Available,Amazon.com
2024-04-08T16:23:23Z,G8S1LG134041039L,Ereader,United States,4193160020,Not Available,deviceAction,Not Available,Amazon.com
2024-04-08T16:22:56Z,G8S1LG134041039L,Ereader,United States,4193160020,Not Available,deviceAction,Not Available,Amazon.com
2024-04-08T16:20:14Z,G8S1LG134041039L,Ereader,United States,4193160020,Not Available,deviceAction,Not Available,Amazon.com
2024-04-08T15:10:45Z,G8S1LG134041039L,Ereader,United States,4193160020,Not Available,deviceAction,Not Available,Amazon.com
2024-04-08T15:10:31Z,G8S1LG134041039L,Ereader,United States,4193160020,Not Available,deviceAction,Not Available,Amazon.com
2024-04-08T14:16:33Z,G8S1LG134041039L,Ereader,United States,4193160020,Not Available,deviceAction,Not Available,Amazon.com
2024-04-08T14:16:32Z,G8S1LG134041039L,Ereader,United States,4193160020,Not Available,deviceAction,Not Available,Amazon.com
2024-04-08T14:06:15Z,G8S1LG134041039L,Ereader,United States,4193160020,Not Available,deviceAction,Not Available,Amazon.com
2024-04-08T14:06:12Z,G8S1LG134041039L,Ereader,United States,4193160020,Not Available,deviceAction,Not Available,Amazon.com
2024-04-08T10:54:10Z,G8S1LG134041039L,Ereader,United States,4193160020,Not Available,deviceAction,Not Available,Amazon.com
2024-04-08T08:32:24Z,G8S1LG134041039L,Ereader,United States,4193160020,Not Available,deviceAction,Not Available,Amazon.com
2024-04-08T08:32:14Z,G8S1LG134041039L,Ereader,United States,4193160020,Not Available,deviceAction,Not Available,Amazon.com
2024-04-08T02:04:44Z,G8S1LG134041039L,Ereader,United States,4193160020,Not Available,deviceAction,Not Available,Amazon.com
2024-04-08T02:02:42Z,G8S1LG134041039L,Ereader,United States,4193160020,Not Available,deviceAction,Not Available,Amazon.com
2024-04-08T01:48:01Z,G8S1LG134041039L,Ereader,United States,4193160020,Not Available,deviceAction,Not Available,Amazon.com
2024-04-08T01:45:24Z,G8S1LG134041039L,Ereader,United States,4193160020,Not Available,deviceAction,Not Available,Amazon.com
2024-04-08T00:43:01Z,G8S1LG134041039L,Ereader,United States,4193160020,Not Available,deviceAction,Not Available,Amazon.com
2024-04-08T00:42:49Z,G8S1LG134041039L,Ereader,United States,4193160020,Not Available,deviceAction,Not Available,Amazon.com
2024-04-07T22:53:16Z,G8S1LG134041039L,Ereader,United States,4193160020,Not Available,deviceAction,Not Available,Amazon.com
2024-04-07T20:30:06Z,G8S1LG134041039L,Ereader,United States,4193160020,Not Available,deviceAction,Not Available,Amazon.com
2024-04-07T20:25:18Z,G8S1LG134041039L,Ereader,United States,4193160020,Not Available,deviceAction,Not Available,Amazon.com
2024-04-07T20:16:29Z,G8S1LG134041039L,Ereader,United States,4193160020,Not Available,deviceAction,Not Available,Amazon.com
2024-04-07T20:15:06Z,G8S1LG134041039L,Ereader,United States,4193160020,Not Available,deviceAction,Not Available,Amazon.com
2024-04-07T20:15:00Z,G8S1LG134041039L,Ereader,United States,4193160020,Not Available,deviceAction,Not Available,Amazon.com
2024-04-07T20:04:19Z,G8S1LG134041039L,Ereader,United States,4193160020,Not Available,deviceAction,Not Available,Amazon.com
2024-04-07T20:02:56Z,G8S1LG134041039L,Ereader,United States,4193160020,Not Available,deviceAction,Not Available,Amazon.com
2024-04-07T19:15:15Z,G8S1LG134041039L,Ereader,United States,4193160020,Not Available,deviceAction,Not Available,Amazon.com
2024-04-07T19:15:14Z,G8S1LG134041039L,Ereader,United States,4193160020,Not Available,deviceAction,Not Available,Amazon.com
2024-04-07T17:52:22Z,G8S1LG134041039L,Ereader,United States,4193160020,Not Available,deviceAction,Not Available,Amazon.com
2024-04-07T17:52:21Z,G8S1LG134041039L,Ereader,United States,4193160020,Not Available,deviceAction,Not Available,Amazon.com
2024-04-07T08:32:21Z,G8S1LG134041039L,Ereader,United States,4193160020,Not Available,deviceAction,Not Available,Amazon.com
2024-04-07T07:14:29Z,G8S1LG134041039L,Ereader,United States,4193160020,Not Available,deviceAction,Not Available,Amazon.com
2024-04-07T07:14:28Z,G8S1LG134041039L,Ereader,United States,4193160020,Not Available,deviceAction,Not Available,Amazon.com
2024-04-07T03:59:03Z,G8S1LG134041039L,Ereader,United States,4193160020,Not Available,deviceAction,Not Available,Amazon.com
2024-04-07T03:56:41Z,G8S1LG134041039L,Ereader,United States,4193160020,Not Available,deviceAction,Not Available,Amazon.com
2024-04-07T03:08:03Z,G8S1LG134041039L,Ereader,United States,4193160020,Not Available,deviceAction,Not Available,Amazon.com
2024-04-07T03:08:02Z,G8S1LG134041039L,Ereader,United States,4193160020,Not Available,deviceAction,Not Available,Amazon.com
2024-04-07T02:32:38Z,G8S1LG134041039L,Ereader,United States,4193160020,Not Available,deviceAction,Not Available,Amazon.com
2024-04-07T01:54:43Z,G8S1LG134041039L,Ereader,United States,4193160020,Not Available,deviceAction,Not Available,Amazon.com
2024-04-07T01:31:20Z,G8S1LG134041039L,Ereader,United States,4193160020,Not Available,deviceAction,Not Available,Amazon.com
2024-04-07T01:30:25Z,G8S1LG134041039L,Ereader,United States,4193160020,Not Available,deviceAction,Not Available,Amazon.com
2024-04-07T00:44:45Z,G8S1LG134041039L,Ereader,United States,4193160020,Not Available,deviceAction,Not Available,Amazon.com
2024-04-07T00:26:47Z,G8S1LG134041039L,Ereader,United States,4193160020,Not Available,deviceAction,Not Available,Amazon.com
2024-04-07T00:26:46Z,G8S1LG134041039L,Ereader,United States,4193160020,Not Available,deviceAction,Not Available,Amazon.com
2024-04-06T23:25:53Z,G8S1LG134041039L,Ereader,United States,4193160020,Not Available,deviceAction,Not Available,Amazon.com
2024-04-06T22:47:54Z,G8S1LG134041039L,Ereader,United States,4193160020,Not Available,deviceAction,Not Available,Amazon.com
2024-04-06T20:21:00Z,G8S1LG134041039L,Ereader,United States,4193160020,Not Available,deviceAction,Not Available,Amazon.com
2024-04-06T20:20:59Z,G8S1LG134041039L,Ereader,United States,4193160020,Not Available,deviceAction,Not Available,Amazon.com
2024-04-06T15:16:14Z,G8S1LG134041039L,Ereader,United States,4193160020,Not Available,deviceAction,Not Available,Amazon.com
2024-04-06T15:15:45Z,G8S1LG134041039L,Ereader,United States,4193160020,Not Available,deviceAction,Not Available,Amazon.com
2024-04-06T15:11:35Z,G8S1LG134041039L,Ereader,United States,4193160020,Not Available,deviceAction,Not Available,Amazon.com
2024-04-06T15:11:22Z,G8S1LG134041039L,Ereader,United States,4193160020,Not Available,deviceAction,Not Available,Amazon.com
2024-04-06T15:05:27Z,G8S1LG134041039L,Ereader,United States,4193160020,Not Available,deviceAction,Not Available,Amazon.com
2024-04-06T15:05:22Z,G8S1LG134041039L,Ereader,United States,4193160020,Not Available,deviceAction,Not Available,Amazon.com
2024-04-06T13:06:46Z,G8S1LG134041039L,Ereader,United States,4193160020,Not Available,deviceAction,Not Available,Amazon.com
2024-04-06T13:05:07Z,G8S1LG134041039L,Ereader,United States,4193160020,Not Available,deviceAction,Not Available,Amazon.com
2024-04-06T09:53:13Z,G8S1LG134041039L,Ereader,United States,4193160020,Not Available,deviceAction,Not Available,Amazon.com
2024-04-06T08:32:26Z,G8S1LG134041039L,Ereader,United States,4193160020,Not Available,deviceAction,Not Available,Amazon.com
2024-04-06T08:32:15Z,G8S1LG134041039L,Ereader,United States,4193160020,Not Available,deviceAction,Not Available,Amazon.com
2024-04-06T02:17:58Z,G8S1LG134041039L,Ereader,United States,4193160020,Not Available,deviceAction,Not Available,Amazon.com
2024-04-06T00:51:38Z,G8S1LG134041039L,Ereader,United States,4193160020,Not Available,deviceAction,Not Available,Amazon.com
2024-04-06T00:51:36Z,G8S1LG134041039L,Ereader,United States,4193160020,Not Available,deviceAction,Not Available,Amazon.com
2024-04-05T09:34:54Z,G8S1LG134041039L,Ereader,United States,4193160020,Not Available,deviceAction,Not Available,Amazon.com
2024-04-05T06:33:07Z,G8S1LG134041039L,Ereader,United States,4193160020,Not Available,deviceAction,Not Available,Amazon.com
2024-04-05T06:33:06Z,G8S1LG134041039L,Ereader,United States,4193160020,Not Available,deviceAction,Not Available,Amazon.com
2024-04-05T06:33:05Z,G8S1LG134041039L,Ereader,United States,4193160020,Not Available,deviceAction,Not Available,Amazon.com
2024-04-05T01:26:55Z,G8S1LG134041039L,Ereader,United States,4193160020,Not Available,deviceAction,Not Available,Amazon.com
2024-04-05T01:26:53Z,G8S1LG134041039L,Ereader,United States,4193160020,Not Available,deviceAction,Not Available,Amazon.com
2024-04-04T23:38:18Z,G8S1LG134041039L,Ereader,United States,4193160020,Not Available,deviceAction,Not Available,Amazon.com
2024-04-04T23:38:13Z,G8S1LG134041039L,Ereader,United States,4193160020,Not Available,deviceAction,Not Available,Amazon.com
2024-04-04T06:16:07Z,G8S1LG134041039L,Ereader,United States,4193160020,Not Available,deviceAction,Not Available,Amazon.com
2024-04-04T06:16:06Z,G8S1LG134041039L,Ereader,United States,4193160020,Not Available,deviceAction,Not Available,Amazon.com
2024-04-04T06:16:05Z,G8S1LG134041039L,Ereader,United States,4193160020,Not Available,deviceAction,Not Available,Amazon.com
2024-04-04T03:11:23Z,G8S1LG134041039L,Ereader,United States,4193160020,Not Available,deviceAction,Not Available,Amazon.com
2024-04-04T03:11:16Z,G8S1LG134041039L,Ereader,United States,4193160020,Not Available,deviceAction,Not Available,Amazon.com
2024-04-03T08:32:26Z,G8S1LG134041039L,Ereader,United States,4193160020,Not Available,deviceAction,Not Available,Amazon.com
2024-04-03T08:32:25Z,G8S1LG134041039L,Ereader,United States,4193160020,Not Available,deviceAction,Not Available,Amazon.com
2024-04-03T08:32:16Z,G8S1LG134041039L,Ereader,United States,4193160020,Not Available,deviceAction,Not Available,Amazon.com
2024-04-02T09:48:23Z,G8S1LG134041039L,Ereader,United States,4193160020,Not Available,deviceAction,Not Available,Amazon.com
2024-04-02T09:48:13Z,G8S1LG134041039L,Ereader,United States,4193160020,Not Available,deviceAction,Not Available,Amazon.com
2024-04-02T08:32:25Z,G8S1LG134041039L,Ereader,United States,4193160020,Not Available,deviceAction,Not Available,Amazon.com
2024-04-02T08:32:15Z,G8S1LG134041039L,Ereader,United States,4193160020,Not Available,deviceAction,Not Available,Amazon.com
2024-04-02T01:26:11Z,G8S1LG134041039L,Ereader,United States,4193160020,Not Available,deviceAction,Not Available,Amazon.com
2024-04-02T01:26:09Z,G8S1LG134041039L,Ereader,United States,4193160020,Not Available,deviceAction,Not Available,Amazon.com
2024-04-01T08:32:25Z,G8S1LG134041039L,Ereader,United States,4193160020,Not Available,deviceAction,Not Available,Amazon.com
2024-04-01T08:32:15Z,G8S1LG134041039L,Ereader,United States,4193160020,Not Available,deviceAction,Not Available,Amazon.com
2024-03-31T20:44:53Z,G8S1LG134041039L,Ereader,United States,4193160020,Not Available,deviceAction,Not Available,Amazon.com
2024-03-31T20:44:52Z,G8S1LG134041039L,Ereader,United States,4193160020,Not Available,deviceAction,Not Available,Amazon.com
2024-03-31T15:13:22Z,G8S1LG134041039L,Ereader,United States,4193160020,Not Available,deviceAction,Not Available,Amazon.com
2024-03-31T15:13:18Z,G8S1LG134041039L,Ereader,United States,4193160020,Not Available,deviceAction,Not Available,Amazon.com
2024-03-31T13:11:54Z,G8S1LG134041039L,Ereader,United States,4193160020,Not Available,deviceAction,Not Available,Amazon.com
2024-03-31T13:11:53Z,G8S1LG134041039L,Ereader,United States,4193160020,Not Available,deviceAction,Not Available,Amazon.com
2024-03-31T11:59:16Z,G8S1LG134041039L,Ereader,United States,4193160020,Not Available,deviceAction,Not Available,Amazon.com
2024-03-31T11:59:12Z,G8S1LG134041039L,Ereader,United States,4193160020,Not Available,deviceAction,Not Available,Amazon.com
2024-03-31T08:32:25Z,G8S1LG134041039L,Ereader,United States,4193160020,Not Available,deviceAction,Not Available,Amazon.com
2024-03-31T05:03:45Z,G8S1LG134041039L,Ereader,United States,4193160020,Not Available,deviceAction,Not Available,Amazon.com
2024-03-31T05:03:11Z,G8S1LG134041039L,Ereader,United States,4193160020,Not Available,deviceAction,Not Available,Amazon.com
2024-03-31T05:03:09Z,G8S1LG134041039L,Ereader,United States,4193160020,Not Available,deviceAction,Not Available,Amazon.com
2024-03-31T03:22:11Z,G8S1LG134041039L,Ereader,United States,4193160020,Not Available,deviceAction,Not Available,Amazon.com
2024-03-31T03:21:53Z,G8S1LG134041039L,Ereader,United States,4193160020,Not Available,deviceAction,Not Available,Amazon.com
2024-03-31T02:06:39Z,G8S1LG134041039L,Ereader,United States,4193160020,Not Available,deviceAction,Not Available,Amazon.com
2024-03-31T02:06:38Z,G8S1LG134041039L,Ereader,United States,4193160020,Not Available,deviceAction,Not Available,Amazon.com
2024-03-31T01:03:27Z,G8S1LG134041039L,Ereader,United States,4193160020,Not Available,deviceAction,Not Available,Amazon.com
2024-03-31T01:03:25Z,G8S1LG134041039L,Ereader,United States,4193160020,Not Available,deviceAction,Not Available,Amazon.com
2024-03-31T00:24:09Z,G8S1LG134041039L,Ereader,United States,4193160020,Not Available,deviceAction,Not Available,Amazon.com
2024-03-31T00:23:54Z,G8S1LG134041039L,Ereader,United States,4193160020,Not Available,deviceAction,Not Available,Amazon.com
2024-03-30T21:48:41Z,G8S1LG134041039L,Ereader,United States,4193160020,Not Available,deviceAction,Not Available,Amazon.com
2024-03-30T21:48:10Z,G8S1LG134041039L,Ereader,United States,4193160020,Not Available,deviceAction,Not Available,Amazon.com
2024-03-30T21:34:16Z,G8S1LG134041039L,Ereader,United States,4193160020,Not Available,deviceAction,Not Available,Amazon.com
2024-03-30T21:34:15Z,G8S1LG134041039L,Ereader,United States,4193160020,Not Available,deviceAction,Not Available,Amazon.com
2024-03-30T18:57:25Z,G8S1LG134041039L,Ereader,United States,4193160020,Not Available,deviceAction,Not Available,Amazon.com
2024-03-30T08:32:26Z,G8S1LG134041039L,Ereader,United States,4193160020,Not Available,deviceAction,Not Available,Amazon.com
2024-03-30T05:39:16Z,G8S1LG134041039L,Ereader,United States,4193160020,Not Available,deviceAction,Not Available,Amazon.com
2024-03-30T05:39:14Z,G8S1LG134041039L,Ereader,United States,4193160020,Not Available,deviceAction,Not Available,Amazon.com
2024-03-30T02:05:44Z,G8S1LG134041039L,Ereader,United States,4193160020,Not Available,deviceAction,Not Available,Amazon.com
2024-03-30T01:43:19Z,G8S1LG134041039L,Ereader,United States,4193160020,Not Available,deviceAction,Not Available,Amazon.com
2024-03-30T01:42:08Z,G8S1LG134041039L,Ereader,United States,4193160020,Not Available,deviceAction,Not Available,Amazon.com
2024-03-30T00:54:44Z,G8S1LG134041039L,Ereader,United States,4193160020,Not Available,deviceAction,Not Available,Amazon.com
2024-03-30T00:49:06Z,G8S1LG134041039L,Ereader,United States,4193160020,Not Available,deviceAction,Not Available,Amazon.com
2024-03-30T00:49:05Z,G8S1LG134041039L,Ereader,United States,4193160020,Not Available,deviceAction,Not Available,Amazon.com
2024-03-29T08:32:29Z,G8S1LG134041039L,Ereader,United States,4193160020,Not Available,deviceAction,Not Available,Amazon.com
2024-03-29T08:32:19Z,G8S1LG134041039L,Ereader,United States,4193160020,Not Available,deviceAction,Not Available,Amazon.com
2024-03-29T02:55:43Z,G8S1LG134041039L,Ereader,United States,4193160020,Not Available,deviceAction,Not Available,Amazon.com
2024-03-29T02:52:43Z,G8S1LG134041039L,Ereader,United States,4193160020,Not Available,deviceAction,Not Available,Amazon.com
2024-03-29T02:52:42Z,G8S1LG134041039L,Ereader,United States,4193160020,Not Available,deviceAction,Not Available,Amazon.com
2024-03-29T02:52:00Z,G8S1LG134041039L,Ereader,United States,4193160020,Not Available,deviceAction,Not Available,Amazon.com
