Series,Update Count,Creation Date
B07FK9VBD7,91,Tue Feb 12 06:10:32 UTC 2019
B074CHD3RR,119,Tue Apr 02 18:26:54 UTC 2019
B084RQDNBH,218,Thu Feb 13 04:11:17 UTC 2020
B08KZNKJJH,289,Sat Oct 10 17:17:04 UTC 2020
B087747X42,591,Thu Nov 05 07:52:47 UTC 2020
B08KF8BXP9,594,Thu Oct 29 16:45:49 UTC 2020
B08GJG2BW1,628,Fri Oct 16 05:11:45 UTC 2020
B075V44Z58,729,Wed Nov 18 03:28:06 UTC 2020
B074CG3HS8,741,Wed Jan 30 22:08:27 UTC 2019
B08GF7WHK1,750,Fri Aug 21 09:01:50 UTC 2020
B08QCTMJYT,759,Fri Dec 11 06:19:36 UTC 2020
B09C2H6V3K,778,Fri Aug 06 15:35:10 UTC 2021
B0881JXZM2,824,Mon May 04 06:03:44 UTC 2020
B09FDVLSQR,885,Fri Sep 03 08:05:39 UTC 2021
B08GSJNP7S,897,Wed Oct 14 12:13:03 UTC 2020
B09DVZYK1T,900,Sat Aug 28 21:26:12 UTC 2021
B075VF9KVK,903,Sat Oct 31 05:58:07 UTC 2020
B09LS9TN4T,981,Sat Nov 13 11:50:04 UTC 2021
B08SLYX23Z,1006,Mon Dec 27 11:45:36 UTC 2021
B09MCKVX34,1009,Tue Nov 30 21:38:28 UTC 2021
B09STHG33B,1038,Fri Feb 18 11:25:38 UTC 2022
B09M4HG6PS,1050,Sat Apr 30 15:58:25 UTC 2022
B08RCKTJS4,1090,Sun Dec 27 09:39:02 UTC 2020
B0CTHXRK22,1093,Tue Jan 30 15:39:48 UTC 2024
B07SKCM1D8,1099,Mon Jun 03 16:23:05 UTC 2019
B0CV7QRVSS,1103,Thu Feb 08 12:20:24 UTC 2024
B09GBDY2H3,1141,Fri Feb 23 22:33:47 UTC 2024
B0B3CRZ5BZ,1148,Sun Mar 03 07:01:42 UTC 2024
B08HRNSNRF,1176,Thu Feb 29 01:25:48 UTC 2024
B0B3SXM5FJ,1179,Sun Feb 25 14:34:51 UTC 2024
B0CHVGGVQN,1188,Thu Feb 29 02:31:31 UTC 2024
B0BFQJR6WT,1202,Mon Mar 04 00:25:24 UTC 2024
B07VWR6FML,1227,Sat Apr 30 15:58:25 UTC 2022
B08Y7CKGY9,1235,Fri Mar 08 17:24:37 UTC 2024
B0BHF4KZ8N,1239,Fri Mar 08 17:29:42 UTC 2024
B0C35WRT92,1243,Fri Mar 08 18:36:58 UTC 2024
B0871XNB3V,1258,Sun Mar 03 09:10:48 UTC 2024
B0C7RCJ837,1261,Sun Mar 03 07:07:51 UTC 2024
B09XSP5Q54,1285,Sun Mar 03 09:06:34 UTC 2024
B07SNTWCKC,1288,Fri Mar 08 19:03:11 UTC 2024
B0CLKWXNXV,1291,Fri Mar 08 19:03:11 UTC 2024
B07DP9VBF1,1294,Fri Mar 08 09:59:34 UTC 2024
B0BJW8M3WC,1298,Mon Mar 11 07:04:23 UTC 2024
B0CB795BPR,1319,Mon Mar 04 09:53:58 UTC 2024
B0BC8M3ZFB,1351,Mon Mar 11 20:49:32 UTC 2024
B0BC8G3P94,1354,Mon Mar 11 20:49:32 UTC 2024
B0CVS27ZKY,1357,Mon Mar 11 06:55:28 UTC 2024
B07F7QMYHS,1395,Sat Mar 16 01:31:50 UTC 2024
B08YNSV8H3,1398,Sat Mar 16 01:31:50 UTC 2024
B09PL7CHTN,1406,Mon Mar 18 04:00:05 UTC 2024
B09PL8B1CW,1418,Mon Mar 18 04:00:05 UTC 2024
B0CPPFZKZB,1437,Sat Feb 24 02:54:13 UTC 2024
B0CTHT1ZQ4,1441,Sat Mar 23 02:38:04 UTC 2024
B0BS6T45H7,1445,Sat Mar 23 02:38:04 UTC 2024
B0BJBTPN1F,1467,Sun Mar 03 08:57:33 UTC 2024
B07ZZ6R4RS,1473,Mon Mar 04 00:25:23 UTC 2024
B07DBGB5PK,1480,Fri Mar 29 21:25:12 UTC 2024
B08CDHVGH9,1492,Sat Mar 30 00:10:12 UTC 2024
B09N7NVYPZ,1507,Sat Mar 23 15:21:47 UTC 2024
B08PP2MT7D,1518,Thu Apr 04 19:32:11 UTC 2024
B082HX3SXW,1537,Sat Apr 06 19:59:32 UTC 2024
B08GH91PQT,1540,Fri Mar 29 21:55:46 UTC 2024
B0CLV8XXBM,1543,Fri Mar 29 21:55:46 UTC 2024
B08YK94D5S,1551,Sun Apr 07 17:29:39 UTC 2024
B0836GG3GW,1561,Thu Apr 11 20:29:29 UTC 2024
B0CXZ3PGY9,1567,Tue Mar 19 09:23:45 UTC 2024
B07BHYNDJN,1570,Thu Apr 04 19:32:11 UTC 2024
B0771RYXR1,1573,Sun Apr 07 17:29:39 UTC 2024
